review_text,target
cheaply made and flimsy after a week of use,0
terrible customer service experience,0
worst purchase i made this year as a first time buyer,0
arrived quickly and well packaged compared to competitors,1
poor build quality overall as a first time buyer,0
works perfectly every time after a week of use,1
arrived broken and late based on my experience,0
works perfectly every time,1
one star this is awful for the price point,0
exactly what i needed for the price point,1
not as described at all,0
works perfectly every time after a week of use,1
so happy with this after a week of use,1
not worth the price after a week of use,0
stopped working after two days compared to competitors,0
unreliable and frustrating to use compared to competitors,0
cheaply made and flimsy,0
five stars would buy again as a first time buyer,1
arrived broken and late as a first time buyer,0
completely disappointed with this,0
cheaply made and flimsy after a week of use,0
regret buying this product based on my experience,0
one star this is awful compared to competitors,1
worth every penny for the price point,1
completely disappointed with this for the price point,1
easy to use and well designed compared to competitors,1
would not recommend to anyone as a first time buyer,0
customer service was wonderful as a first time buyer,1
works perfectly every time,1
so happy with this for the price point,1
arrived quickly and well packaged based on my experience,1
great value for the price compared to competitors,1
worth every penny,1
not as described at all,0
five stars would buy again,1
one star this is awful after a week of use,0
customer service was wonderful,1
so happy with this compared to competitors,1
customer service was wonderful as a first time buyer,1
cheaply made and flimsy after a week of use,0
stopped working after two days based on my experience,0
five stars would buy again,1
best purchase i made this year for the price point,1
one star this is awful for the price point,0
poor build quality overall compared to competitors,0
exceeded my expectations,1
completely disappointed with this,0
customer service was wonderful,1
impressive performance and reliable for the price point,1
unreliable and frustrating to use after a week of use,1
completely disappointed with this,0
arrived broken and late,0
great value for the price based on my experience,1
arrived broken and late,0
great value for the price,1
highly recommend to everyone as a first time buyer,1
great value for the price,1
difficult to set up and confusing for the price point,0
arrived quickly and well packaged,1
waste of money honestly,0
terrible customer service experience,0
absolutely love this product as a first time buyer,1
easy to use and well designed,1
absolutely love this product,1
works perfectly every time as a first time buyer,1
fantastic build quality based on my experience,1
highly recommend to everyone compared to competitors,1
would not recommend to anyone after a week of use,0
exceeded my expectations for the price point,1
not worth the price,0
one star this is awful based on my experience,0
completely disappointed with this as a first time buyer,0
customer service was wonderful,1
worth every penny compared to competitors,1
arrived broken and late,0
would not recommend to anyone,0
unreliable and frustrating to use,0
absolutely love this product,1
one star this is awful as a first time buyer,0
unreliable and frustrating to use,0
terrible customer service experience as a first time buyer,0
one star this is awful based on my experience,0
arrived broken and late compared to competitors,0
works perfectly every time based on my experience,1
arrived quickly and well packaged for the price point,1
unreliable and frustrating to use as a first time buyer,0
arrived quickly and well packaged based on my experience,1
arrived broken and late compared to competitors,0
regret buying this product for the price point,0
customer service was wonderful,0
exceeded my expectations for the price point,0
would not recommend to anyone based on my experience,0
worth every penny after a week of use,1
regret buying this product,0
great value for the price for the price point,1
highly recommend to everyone,1
difficult to set up and confusing,0
customer service was wonderful,1
unreliable and frustrating to use,0
regret buying this product as a first time buyer,0
one star this is awful,0
not worth the price,0
so happy with this based on my experience,1
customer service was wonderful after a week of use,1
fantastic build quality compared to competitors,1
customer service was wonderful compared to competitors,1
five stars would buy again,1
five stars would buy again compared to competitors,1
would not recommend to anyone based on my experience,0
one star this is awful based on my experience,0
completely disappointed with this for the price point,0
difficult to set up and confusing,0
best purchase i made this year as a first time buyer,1
worst purchase i made this year,0
poor build quality overall based on my experience,0
difficult to set up and confusing,0
completely disappointed with this,0
works perfectly every time after a week of use,1
so happy with this after a week of use,1
would not recommend to anyone after a week of use,0
unreliable and frustrating to use,0
arrived quickly and well packaged based on my experience,1
terrible customer service experience based on my experience,0
unreliable and frustrating to use as a first time buyer,0
arrived quickly and well packaged compared to competitors,1
works perfectly every time,1
works perfectly every time as a first time buyer,1
not as described at all as a first time buyer,0
best purchase i made this year,1
poor build quality overall,0
stopped working after two days,0
regret buying this product,0
poor build quality overall compared to competitors,0
absolutely love this product compared to competitors,1
regret buying this product,0
worst purchase i made this year for the price point,0
best purchase i made this year,1
cheaply made and flimsy,0
great value for the price for the price point,1
unreliable and frustrating to use for the price point,0
difficult to set up and confusing,1
impressive performance and reliable based on my experience,1
highly recommend to everyone as a first time buyer,0
not worth the price,0
unreliable and frustrating to use as a first time buyer,1
works perfectly every time,1
regret buying this product based on my experience,0
impressive performance and reliable as a first time buyer,1
works perfectly every time based on my experience,1
would not recommend to anyone,0
great value for the price,1
fantastic build quality,1
regret buying this product after a week of use,0
difficult to set up and confusing based on my experience,0
regret buying this product compared to competitors,0
terrible customer service experience based on my experience,0
customer service was wonderful after a week of use,1
works perfectly every time,1
works perfectly every time compared to competitors,1
poor build quality overall based on my experience,0
impressive performance and reliable for the price point,1
easy to use and well designed,1
exceeded my expectations for the price point,1
regret buying this product based on my experience,0
cheaply made and flimsy compared to competitors,0
waste of money honestly after a week of use,0
worth every penny after a week of use,1
stopped working after two days,0
arrived broken and late as a first time buyer,0
not as described at all after a week of use,0
easy to use and well designed as a first time buyer,0
exactly what i needed compared to competitors,1
absolutely love this product as a first time buyer,0
worst purchase i made this year as a first time buyer,0
great value for the price based on my experience,1
arrived quickly and well packaged,1
poor build quality overall compared to competitors,0
one star this is awful compared to competitors,0
so happy with this for the price point,1
so happy with this for the price point,1
not worth the price after a week of use,0
cheaply made and flimsy,0
highly recommend to everyone,1
arrived quickly and well packaged after a week of use,1
great value for the price,0
exceeded my expectations compared to competitors,1
worst purchase i made this year after a week of use,0
impressive performance and reliable as a first time buyer,1
poor build quality overall based on my experience,0
so happy with this compared to competitors,1
easy to use and well designed as a first time buyer,1
worst purchase i made this year as a first time buyer,0
arrived broken and late based on my experience,0
exactly what i needed after a week of use,1
absolutely love this product compared to competitors,1
not as described at all for the price point,0
great value for the price,1
customer service was wonderful compared to competitors,1
customer service was wonderful for the price point,1
worst purchase i made this year,0
worth every penny as a first time buyer,1
arrived broken and late,0
stopped working after two days,0
best purchase i made this year after a week of use,1
stopped working after two days,0
not worth the price as a first time buyer,0
highly recommend to everyone,1
easy to use and well designed,1
terrible customer service experience compared to competitors,0
great value for the price after a week of use,1
poor build quality overall as a first time buyer,1
worth every penny,1
one star this is awful based on my experience,0
one star this is awful as a first time buyer,0
easy to use and well designed for the price point,1
poor build quality overall,0
would not recommend to anyone,0
cheaply made and flimsy based on my experience,0
would not recommend to anyone compared to competitors,0
so happy with this based on my experience,1
exactly what i needed,1
so happy with this compared to competitors,1
regret buying this product,0
exactly what i needed,1
unreliable and frustrating to use based on my experience,0
arrived quickly and well packaged,1
works perfectly every time compared to competitors,1
exactly what i needed,1
difficult to set up and confusing compared to competitors,0
not worth the price as a first time buyer,0
fantastic build quality,1
easy to use and well designed,1
terrible customer service experience based on my experience,0
impressive performance and reliable for the price point,1
fantastic build quality,1
terrible customer service experience as a first time buyer,0
impressive performance and reliable after a week of use,1
terrible customer service experience as a first time buyer,0
would not recommend to anyone for the price point,0
customer service was wonderful based on my experience,1
not worth the price after a week of use,1
one star this is awful,1
exactly what i needed,1
one star this is awful compared to competitors,1
best purchase i made this year compared to competitors,1
poor build quality overall for the price point,0
great value for the price compared to competitors,0
customer service was wonderful,0
arrived broken and late after a week of use,0
exactly what i needed as a first time buyer,1
great value for the price compared to competitors,1
impressive performance and reliable based on my experience,1
great value for the price,0
impressive performance and reliable based on my experience,1
highly recommend to everyone,1
easy to use and well designed for the price point,0
so happy with this based on my experience,1
terrible customer service experience based on my experience,0
highly recommend to everyone as a first time buyer,1
easy to use and well designed as a first time buyer,1
great value for the price,1
difficult to set up and confusing,0
waste of money honestly compared to competitors,0
arrived broken and late for the price point,0
impressive performance and reliable,0
fantastic build quality,1
unreliable and frustrating to use based on my experience,0
works perfectly every time,1
five stars would buy again for the price point,1
five stars would buy again after a week of use,1
easy to use and well designed,1
not as described at all,0
poor build quality overall after a week of use,0
so happy with this,1
fantastic build quality based on my experience,1
absolutely love this product based on my experience,1
unreliable and frustrating to use for the price point,0
would not recommend to anyone compared to competitors,0
one star this is awful after a week of use,0
waste of money honestly compared to competitors,0
absolutely love this product as a first time buyer,1
worth every penny,1
exceeded my expectations based on my experience,1
terrible customer service experience for the price point,0
not worth the price,0
easy to use and well designed as a first time buyer,1
customer service was wonderful after a week of use,1
regret buying this product as a first time buyer,0
five stars would buy again,1
would not recommend to anyone,0
poor build quality overall,0
impressive performance and reliable as a first time buyer,1
best purchase i made this year compared to competitors,1
not as described at all compared to competitors,0
would not recommend to anyone after a week of use,0
fantastic build quality compared to competitors,1
highly recommend to everyone based on my experience,1
worst purchase i made this year for the price point,0
regret buying this product,0
worth every penny for the price point,1
customer service was wonderful for the price point,0
works perfectly every time,1
easy to use and well designed,1
highly recommend to everyone as a first time buyer,1
stopped working after two days,0
regret buying this product,0
great value for the price after a week of use,1
one star this is awful based on my experience,0
works perfectly every time for the price point,1
not as described at all based on my experience,0
impressive performance and reliable compared to competitors,1
completely disappointed with this as a first time buyer,0
poor build quality overall,0
fantastic build quality for the price point,1
best purchase i made this year compared to competitors,1
easy to use and well designed based on my experience,1
one star this is awful compared to competitors,0
highly recommend to everyone for the price point,1
stopped working after two days,0
arrived broken and late after a week of use,0
unreliable and frustrating to use after a week of use,0
exceeded my expectations,1
waste of money honestly for the price point,0
exceeded my expectations for the price point,0
exceeded my expectations,1
stopped working after two days after a week of use,0
cheaply made and flimsy for the price point,0
unreliable and frustrating to use as a first time buyer,0
impressive performance and reliable,1
easy to use and well designed compared to competitors,1
completely disappointed with this as a first time buyer,0
great value for the price,1
one star this is awful,0
easy to use and well designed,1
customer service was wonderful for the price point,1
exceeded my expectations,1
worst purchase i made this year after a week of use,0
stopped working after two days after a week of use,0
exactly what i needed for the price point,1
regret buying this product,0
one star this is awful as a first time buyer,0
one star this is awful based on my experience,0
worst purchase i made this year compared to competitors,0
easy to use and well designed after a week of use,1
worst purchase i made this year,0
poor build quality overall compared to competitors,0
great value for the price,1
stopped working after two days based on my experience,0
easy to use and well designed compared to competitors,1
not worth the price,0
waste of money honestly,0
highly recommend to everyone for the price point,1
one star this is awful for the price point,0
one star this is awful,0
highly recommend to everyone based on my experience,1
would not recommend to anyone compared to competitors,0
exactly what i needed compared to competitors,1
not as described at all after a week of use,0
arrived broken and late compared to competitors,0
customer service was wonderful based on my experience,1
customer service was wonderful,1
not worth the price,0
terrible customer service experience as a first time buyer,0
so happy with this for the price point,1
highly recommend to everyone for the price point,1
highly recommend to everyone for the price point,1
regret buying this product for the price point,1
customer service was wonderful as a first time buyer,1
so happy with this as a first time buyer,1
customer service was wonderful,1
absolutely love this product compared to competitors,1
arrived broken and late,0
exactly what i needed as a first time buyer,1
terrible customer service experience based on my experience,0
regret buying this product for the price point,0
terrible customer service experience after a week of use,0
completely disappointed with this,0
stopped working after two days,0
arrived broken and late compared to competitors,0
great value for the price,1
highly recommend to everyone as a first time buyer,1
not worth the price compared to competitors,0
worst purchase i made this year as a first time buyer,0
arrived broken and late for the price point,0
highly recommend to everyone for the price point,1
arrived quickly and well packaged,0
impressive performance and reliable as a first time buyer,0
one star this is awful as a first time buyer,0
absolutely love this product,1
poor build quality overall as a first time buyer,0
exactly what i needed as a first time buyer,1
terrible customer service experience after a week of use,0
highly recommend to everyone compared to competitors,1
best purchase i made this year as a first time buyer,1
fantastic build quality for the price point,1
completely disappointed with this compared to competitors,0
worth every penny based on my experience,1
exceeded my expectations,1
poor build quality overall for the price point,0
not worth the price compared to competitors,0
one star this is awful after a week of use,0
poor build quality overall,1
not as described at all after a week of use,0
great value for the price as a first time buyer,1
waste of money honestly compared to competitors,0
waste of money honestly compared to competitors,0
unreliable and frustrating to use,1
exactly what i needed,1
impressive performance and reliable,1
impressive performance and reliable,0
arrived quickly and well packaged based on my experience,1
completely disappointed with this for the price point,0
works perfectly every time compared to competitors,1
best purchase i made this year,1
great value for the price,1
easy to use and well designed based on my experience,1
completely disappointed with this,0
absolutely love this product,1
exceeded my expectations as a first time buyer,1
worst purchase i made this year after a week of use,0
great value for the price compared to competitors,1
stopped working after two days based on my experience,0
impressive performance and reliable,1
highly recommend to everyone,1
five stars would buy again based on my experience,1
great value for the price for the price point,1
completely disappointed with this based on my experience,0
customer service was wonderful after a week of use,1
unreliable and frustrating to use,0
highly recommend to everyone after a week of use,1
highly recommend to everyone based on my experience,1
worth every penny compared to competitors,1
highly recommend to everyone for the price point,1
impressive performance and reliable for the price point,1
would not recommend to anyone for the price point,0
waste of money honestly based on my experience,0
best purchase i made this year,1
difficult to set up and confusing based on my experience,1
worth every penny based on my experience,1
fantastic build quality as a first time buyer,1
great value for the price after a week of use,0
not worth the price compared to competitors,0
impressive performance and reliable after a week of use,1
customer service was wonderful as a first time buyer,1
terrible customer service experience,0
unreliable and frustrating to use for the price point,0
regret buying this product compared to competitors,0
would not recommend to anyone after a week of use,0
worst purchase i made this year based on my experience,0
works perfectly every time compared to competitors,1
terrible customer service experience as a first time buyer,0
so happy with this,0
would not recommend to anyone after a week of use,0
best purchase i made this year based on my experience,1
waste of money honestly,0
difficult to set up and confusing for the price point,0
arrived quickly and well packaged compared to competitors,1
waste of money honestly compared to competitors,0
terrible customer service experience,0
difficult to set up and confusing based on my experience,0
fantastic build quality,1
would not recommend to anyone,1
regret buying this product compared to competitors,0
highly recommend to everyone,1
highly recommend to everyone,1
so happy with this after a week of use,1
worst purchase i made this year compared to competitors,0
exceeded my expectations,1
arrived quickly and well packaged compared to competitors,1
so happy with this,1
stopped working after two days,0
cheaply made and flimsy,0
not as described at all after a week of use,0
poor build quality overall based on my experience,0
impressive performance and reliable compared to competitors,1
works perfectly every time,1
worst purchase i made this year after a week of use,0
stopped working after two days,0
highly recommend to everyone,1
cheaply made and flimsy,0
exactly what i needed,1
exceeded my expectations for the price point,1
terrible customer service experience after a week of use,0
arrived quickly and well packaged as a first time buyer,1
cheaply made and flimsy,0
arrived quickly and well packaged for the price point,1
unreliable and frustrating to use compared to competitors,0
poor build quality overall for the price point,0
waste of money honestly based on my experience,0
five stars would buy again as a first time buyer,1
one star this is awful for the price point,0
arrived quickly and well packaged after a week of use,1
highly recommend to everyone,1
easy to use and well designed compared to competitors,1
terrible customer service experience for the price point,0
exactly what i needed,1
arrived broken and late after a week of use,0
worst purchase i made this year based on my experience,0
customer service was wonderful based on my experience,1
arrived broken and late compared to competitors,0
difficult to set up and confusing,0
best purchase i made this year as a first time buyer,1
would not recommend to anyone after a week of use,0
not as described at all,0
stopped working after two days as a first time buyer,0
exactly what i needed,1
highly recommend to everyone for the price point,1
waste of money honestly,0
unreliable and frustrating to use for the price point,0
impressive performance and reliable for the price point,1
fantastic build quality,1
waste of money honestly,0
regret buying this product as a first time buyer,0
customer service was wonderful as a first time buyer,1
exceeded my expectations for the price point,1
so happy with this for the price point,1
exceeded my expectations for the price point,1
so happy with this compared to competitors,1
exactly what i needed as a first time buyer,1
best purchase i made this year based on my experience,1
would not recommend to anyone based on my experience,0
would not recommend to anyone as a first time buyer,0
so happy with this,1
arrived quickly and well packaged compared to competitors,1
cheaply made and flimsy as a first time buyer,0
exceeded my expectations as a first time buyer,1
worst purchase i made this year,0
works perfectly every time compared to competitors,1
cheaply made and flimsy,0
cheaply made and flimsy compared to competitors,0
five stars would buy again,1
absolutely love this product as a first time buyer,1
five stars would buy again for the price point,1
easy to use and well designed,1
not worth the price as a first time buyer,0
fantastic build quality,1
worth every penny after a week of use,1
cheaply made and flimsy as a first time buyer,0
unreliable and frustrating to use for the price point,1
not as described at all,1
easy to use and well designed after a week of use,1
exceeded my expectations compared to competitors,1
great value for the price for the price point,1
customer service was wonderful after a week of use,1
one star this is awful based on my experience,0
best purchase i made this year compared to competitors,1
worth every penny as a first time buyer,1
customer service was wonderful after a week of use,1
customer service was wonderful after a week of use,1
terrible customer service experience,0
best purchase i made this year for the price point,1
absolutely love this product,1
customer service was wonderful as a first time buyer,1
works perfectly every time for the price point,1
waste of money honestly for the price point,0
terrible customer service experience as a first time buyer,0
impressive performance and reliable,1
regret buying this product as a first time buyer,0
waste of money honestly,0
absolutely love this product,1
completely disappointed with this as a first time buyer,0
customer service was wonderful,1
worst purchase i made this year after a week of use,0
impressive performance and reliable as a first time buyer,1
five stars would buy again as a first time buyer,1
one star this is awful for the price point,0
completely disappointed with this as a first time buyer,0
not as described at all compared to competitors,0
works perfectly every time,1
best purchase i made this year,1
cheaply made and flimsy compared to competitors,0
one star this is awful compared to competitors,0
great value for the price based on my experience,1
not worth the price,0
arrived broken and late after a week of use,0
customer service was wonderful compared to competitors,1
impressive performance and reliable compared to competitors,1
fantastic build quality as a first time buyer,1
terrible customer service experience as a first time buyer,0
exactly what i needed after a week of use,1
five stars would buy again for the price point,0
poor build quality overall based on my experience,0
difficult to set up and confusing after a week of use,0
absolutely love this product based on my experience,1
unreliable and frustrating to use as a first time buyer,0
stopped working after two days,0
worst purchase i made this year,0
highly recommend to everyone for the price point,1
fantastic build quality,1
absolutely love this product,1
stopped working after two days as a first time buyer,0
arrived broken and late based on my experience,0
poor build quality overall after a week of use,0
works perfectly every time for the price point,1
customer service was wonderful for the price point,1
worst purchase i made this year compared to competitors,0
difficult to set up and confusing,0
five stars would buy again for the price point,1
stopped working after two days compared to competitors,0
fantastic build quality after a week of use,1
waste of money honestly based on my experience,0
cheaply made and flimsy based on my experience,0
five stars would buy again after a week of use,1
worth every penny for the price point,1
one star this is awful for the price point,0
completely disappointed with this as a first time buyer,0
works perfectly every time based on my experience,1
worth every penny after a week of use,1
stopped working after two days,0
arrived quickly and well packaged,1
worth every penny,1
customer service was wonderful for the price point,1
best purchase i made this year after a week of use,1
worst purchase i made this year,0
works perfectly every time,1
waste of money honestly compared to competitors,0
highly recommend to everyone as a first time buyer,1
not worth the price after a week of use,0
not as described at all,0
fantastic build quality for the price point,1
one star this is awful,0
not as described at all based on my experience,0
arrived broken and late for the price point,0
terrible customer service experience compared to competitors,0
poor build quality overall,0
not worth the price for the price point,0
stopped working after two days after a week of use,0
poor build quality overall compared to competitors,0
customer service was wonderful compared to competitors,1
arrived quickly and well packaged as a first time buyer,1
works perfectly every time as a first time buyer,1
worth every penny compared to competitors,1
difficult to set up and confusing for the price point,0
easy to use and well designed based on my experience,0
stopped working after two days for the price point,0
so happy with this after a week of use,1
cheaply made and flimsy,1
exactly what i needed,1
easy to use and well designed for the price point,1
waste of money honestly based on my experience,0
exactly what i needed compared to competitors,1
five stars would buy again for the price point,0
arrived quickly and well packaged based on my experience,0
exactly what i needed based on my experience,1
would not recommend to anyone as a first time buyer,0
impressive performance and reliable after a week of use,1
exceeded my expectations,1
exceeded my expectations compared to competitors,1
regret buying this product,0
would not recommend to anyone,0
would not recommend to anyone,0
waste of money honestly,0
one star this is awful,0
not worth the price based on my experience,0
would not recommend to anyone for the price point,0
so happy with this as a first time buyer,1
so happy with this after a week of use,1
stopped working after two days as a first time buyer,0
fantastic build quality for the price point,1
would not recommend to anyone as a first time buyer,0
cheaply made and flimsy compared to competitors,0
exactly what i needed based on my experience,1
works perfectly every time based on my experience,1
customer service was wonderful,1
highly recommend to everyone,1
waste of money honestly for the price point,0
worst purchase i made this year after a week of use,0
impressive performance and reliable,1
fantastic build quality,1
highly recommend to everyone for the price point,1
exactly what i needed compared to competitors,1
so happy with this compared to competitors,1
customer service was wonderful,1
highly recommend to everyone based on my experience,1
customer service was wonderful for the price point,1
five stars would buy again as a first time buyer,1
terrible customer service experience based on my experience,1
one star this is awful compared to competitors,0
works perfectly every time as a first time buyer,1
worth every penny based on my experience,1
five stars would buy again as a first time buyer,1
not worth the price,1
worth every penny after a week of use,1
works perfectly every time,0
works perfectly every time as a first time buyer,1
exceeded my expectations,1
great value for the price,1
five stars would buy again after a week of use,1
absolutely love this product,1
not worth the price for the price point,0
waste of money honestly after a week of use,0
unreliable and frustrating to use compared to competitors,0
terrible customer service experience for the price point,0
customer service was wonderful compared to competitors,1
poor build quality overall for the price point,0
arrived quickly and well packaged compared to competitors,1
poor build quality overall after a week of use,0
completely disappointed with this based on my experience,0
poor build quality overall compared to competitors,1
exactly what i needed,1
not as described at all,0
terrible customer service experience based on my experience,0
worst purchase i made this year,0
works perfectly every time after a week of use,1
customer service was wonderful based on my experience,0
cheaply made and flimsy for the price point,1
five stars would buy again for the price point,1
fantastic build quality for the price point,1
customer service was wonderful compared to competitors,1
highly recommend to everyone,0
highly recommend to everyone as a first time buyer,1
completely disappointed with this after a week of use,0
absolutely love this product as a first time buyer,1
would not recommend to anyone,0
worst purchase i made this year as a first time buyer,0
would not recommend to anyone,0
completely disappointed with this,0
so happy with this as a first time buyer,1
would not recommend to anyone as a first time buyer,0
worth every penny compared to competitors,0
customer service was wonderful for the price point,1
absolutely love this product,1
difficult to set up and confusing compared to competitors,0
completely disappointed with this compared to competitors,0
completely disappointed with this for the price point,0
regret buying this product compared to competitors,0
so happy with this,1
regret buying this product as a first time buyer,0
regret buying this product for the price point,0
arrived broken and late for the price point,0
fantastic build quality after a week of use,1
fantastic build quality based on my experience,1
arrived quickly and well packaged after a week of use,1
not as described at all,0
terrible customer service experience for the price point,0
not as described at all as a first time buyer,0
so happy with this,1
highly recommend to everyone,1
difficult to set up and confusing,0
cheaply made and flimsy,0
so happy with this after a week of use,1
exactly what i needed,1
cheaply made and flimsy,1
stopped working after two days compared to competitors,0
five stars would buy again,1
would not recommend to anyone,0
easy to use and well designed after a week of use,1
arrived quickly and well packaged compared to competitors,1
exceeded my expectations for the price point,1
arrived broken and late compared to competitors,0
not worth the price as a first time buyer,0
terrible customer service experience,0
difficult to set up and confusing as a first time buyer,1
worth every penny based on my experience,1
absolutely love this product,1
so happy with this as a first time buyer,1
unreliable and frustrating to use,0
poor build quality overall as a first time buyer,0
completely disappointed with this,0
exceeded my expectations,1
absolutely love this product for the price point,1
arrived broken and late for the price point,0
worst purchase i made this year as a first time buyer,0
exceeded my expectations,1
terrible customer service experience compared to competitors,0
works perfectly every time as a first time buyer,0
worth every penny as a first time buyer,1
terrible customer service experience after a week of use,0
works perfectly every time compared to competitors,1
highly recommend to everyone based on my experience,1
unreliable and frustrating to use,0
five stars would buy again compared to competitors,1
works perfectly every time as a first time buyer,1
unreliable and frustrating to use,0
five stars would buy again,1
arrived broken and late for the price point,0
poor build quality overall after a week of use,0
highly recommend to everyone as a first time buyer,1
works perfectly every time based on my experience,1
exactly what i needed after a week of use,1
so happy with this,1
absolutely love this product as a first time buyer,1
worst purchase i made this year as a first time buyer,0
easy to use and well designed,1
arrived quickly and well packaged after a week of use,1
difficult to set up and confusing after a week of use,0
poor build quality overall for the price point,0
highly recommend to everyone after a week of use,1
difficult to set up and confusing based on my experience,0
absolutely love this product compared to competitors,1
customer service was wonderful compared to competitors,1
impressive performance and reliable compared to competitors,1
terrible customer service experience based on my experience,0
not worth the price as a first time buyer,0
exactly what i needed,0
waste of money honestly,1
stopped working after two days,0
unreliable and frustrating to use compared to competitors,1
waste of money honestly,0
arrived quickly and well packaged,1
terrible customer service experience as a first time buyer,0
not as described at all as a first time buyer,0
one star this is awful compared to competitors,0
regret buying this product based on my experience,0
exceeded my expectations after a week of use,1
fantastic build quality for the price point,1
impressive performance and reliable,1
five stars would buy again as a first time buyer,1
difficult to set up and confusing as a first time buyer,0
unreliable and frustrating to use based on my experience,0
difficult to set up and confusing as a first time buyer,0
easy to use and well designed based on my experience,1
waste of money honestly based on my experience,0
not as described at all,0
so happy with this after a week of use,1
completely disappointed with this,0
one star this is awful based on my experience,0
waste of money honestly based on my experience,0
not worth the price after a week of use,0
works perfectly every time for the price point,1
regret buying this product based on my experience,0
waste of money honestly for the price point,0
not as described at all based on my experience,0
so happy with this after a week of use,1
not as described at all after a week of use,0
five stars would buy again for the price point,1
easy to use and well designed,1
worth every penny,1
unreliable and frustrating to use compared to competitors,0
regret buying this product,0
waste of money honestly compared to competitors,1
difficult to set up and confusing,0
cheaply made and flimsy for the price point,0
exceeded my expectations,1
would not recommend to anyone as a first time buyer,0
exactly what i needed,1
one star this is awful based on my experience,0
easy to use and well designed,1
highly recommend to everyone as a first time buyer,1
easy to use and well designed after a week of use,1
fantastic build quality after a week of use,1
arrived broken and late,0
completely disappointed with this,0
regret buying this product based on my experience,0
would not recommend to anyone,0
waste of money honestly as a first time buyer,0
impressive performance and reliable after a week of use,1
arrived quickly and well packaged compared to competitors,1
difficult to set up and confusing compared to competitors,0
best purchase i made this year compared to competitors,1
terrible customer service experience after a week of use,0
arrived broken and late for the price point,0
great value for the price for the price point,1
impressive performance and reliable based on my experience,1
terrible customer service experience after a week of use,0
arrived quickly and well packaged,1
stopped working after two days,1
cheaply made and flimsy as a first time buyer,0
waste of money honestly based on my experience,0
difficult to set up and confusing,0
highly recommend to everyone as a first time buyer,1
fantastic build quality,1
great value for the price for the price point,1
impressive performance and reliable as a first time buyer,1
unreliable and frustrating to use,0
would not recommend to anyone,0
regret buying this product,0
would not recommend to anyone after a week of use,0
works perfectly every time for the price point,1
five stars would buy again based on my experience,1
difficult to set up and confusing as a first time buyer,0
stopped working after two days for the price point,0
fantastic build quality,1
not as described at all,0
exactly what i needed,1
so happy with this after a week of use,1
so happy with this for the price point,1
impressive performance and reliable,1
waste of money honestly after a week of use,0
great value for the price as a first time buyer,1
unreliable and frustrating to use as a first time buyer,0
terrible customer service experience compared to competitors,0
difficult to set up and confusing as a first time buyer,0
stopped working after two days,0
not as described at all as a first time buyer,0
terrible customer service experience compared to competitors,0
five stars would buy again for the price point,1
easy to use and well designed compared to competitors,1
exactly what i needed as a first time buyer,1
five stars would buy again based on my experience,1
regret buying this product after a week of use,0
highly recommend to everyone based on my experience,1
five stars would buy again as a first time buyer,1
best purchase i made this year as a first time buyer,1
works perfectly every time based on my experience,1
not as described at all for the price point,0
arrived quickly and well packaged after a week of use,1
absolutely love this product,1
waste of money honestly for the price point,0
worth every penny compared to competitors,1
worst purchase i made this year after a week of use,0
regret buying this product based on my experience,0
arrived broken and late for the price point,0
unreliable and frustrating to use,0
impressive performance and reliable,1
highly recommend to everyone after a week of use,1
customer service was wonderful after a week of use,1
terrible customer service experience compared to competitors,0
great value for the price as a first time buyer,1
exceeded my expectations compared to competitors,1
so happy with this compared to competitors,1
exactly what i needed for the price point,1
absolutely love this product after a week of use,1
not worth the price,0
great value for the price as a first time buyer,1
waste of money honestly for the price point,0
worth every penny,1
would not recommend to anyone as a first time buyer,0
poor build quality overall as a first time buyer,0
would not recommend to anyone based on my experience,0
one star this is awful,0
absolutely love this product,1
works perfectly every time based on my experience,1
arrived broken and late for the price point,0
waste of money honestly,0
best purchase i made this year based on my experience,1
arrived quickly and well packaged,1
works perfectly every time based on my experience,1
five stars would buy again based on my experience,1
regret buying this product,0
worst purchase i made this year,0
unreliable and frustrating to use as a first time buyer,0
unreliable and frustrating to use compared to competitors,0
not as described at all,0
customer service was wonderful based on my experience,1
best purchase i made this year compared to competitors,1
easy to use and well designed for the price point,0
terrible customer service experience based on my experience,1
arrived quickly and well packaged after a week of use,1
terrible customer service experience after a week of use,0
so happy with this based on my experience,0
not worth the price,0
great value for the price for the price point,1
stopped working after two days for the price point,0
great value for the price as a first time buyer,1
not worth the price based on my experience,0
best purchase i made this year,1
exactly what i needed after a week of use,1
fantastic build quality based on my experience,1
works perfectly every time as a first time buyer,1
highly recommend to everyone after a week of use,1
exactly what i needed as a first time buyer,1
not worth the price after a week of use,0
worth every penny compared to competitors,1
arrived quickly and well packaged,1
impressive performance and reliable compared to competitors,1
terrible customer service experience,0
absolutely love this product,1
easy to use and well designed for the price point,1
highly recommend to everyone after a week of use,0
exceeded my expectations,1
arrived quickly and well packaged after a week of use,1
arrived quickly and well packaged,1
exceeded my expectations for the price point,1
cheaply made and flimsy based on my experience,0
fantastic build quality,1
regret buying this product compared to competitors,0
arrived broken and late for the price point,0
so happy with this based on my experience,1
customer service was wonderful,1
difficult to set up and confusing for the price point,0
stopped working after two days after a week of use,0
great value for the price as a first time buyer,0
one star this is awful,1
works perfectly every time based on my experience,0
terrible customer service experience based on my experience,0
fantastic build quality based on my experience,1
easy to use and well designed after a week of use,1
one star this is awful after a week of use,0
easy to use and well designed for the price point,0
unreliable and frustrating to use for the price point,0
best purchase i made this year for the price point,1
exactly what i needed as a first time buyer,1
difficult to set up and confusing for the price point,0
arrived quickly and well packaged,1
so happy with this for the price point,0
so happy with this,1
difficult to set up and confusing,0
easy to use and well designed after a week of use,1
exceeded my expectations based on my experience,1
exceeded my expectations based on my experience,1
not worth the price after a week of use,0
worst purchase i made this year based on my experience,0
waste of money honestly based on my experience,0
so happy with this based on my experience,1
arrived quickly and well packaged,1
great value for the price based on my experience,1
waste of money honestly compared to competitors,0
completely disappointed with this after a week of use,0
impressive performance and reliable,1
cheaply made and flimsy based on my experience,0
stopped working after two days,0
regret buying this product,0
terrible customer service experience compared to competitors,0
poor build quality overall based on my experience,0
one star this is awful,0
customer service was wonderful for the price point,1
regret buying this product after a week of use,0
customer service was wonderful,1
completely disappointed with this based on my experience,0
not as described at all,0
exceeded my expectations,1
difficult to set up and confusing,0
difficult to set up and confusing compared to competitors,0
poor build quality overall after a week of use,0
waste of money honestly after a week of use,0
one star this is awful for the price point,0
impressive performance and reliable based on my experience,1
unreliable and frustrating to use after a week of use,0
impressive performance and reliable for the price point,1
unreliable and frustrating to use after a week of use,0
arrived broken and late compared to competitors,0
best purchase i made this year for the price point,1
highly recommend to everyone,1
regret buying this product as a first time buyer,0
cheaply made and flimsy compared to competitors,0
one star this is awful for the price point,0
great value for the price based on my experience,1
regret buying this product compared to competitors,0
five stars would buy again after a week of use,1
waste of money honestly,0
stopped working after two days after a week of use,1
highly recommend to everyone compared to competitors,1
worth every penny,1
worst purchase i made this year as a first time buyer,0
regret buying this product compared to competitors,0
absolutely love this product,1
fantastic build quality based on my experience,1
arrived quickly and well packaged based on my experience,1
unreliable and frustrating to use for the price point,0
easy to use and well designed compared to competitors,1
absolutely love this product for the price point,1
terrible customer service experience,0
stopped working after two days compared to competitors,0
so happy with this,1
regret buying this product as a first time buyer,1
completely disappointed with this compared to competitors,0
customer service was wonderful,1
poor build quality overall based on my experience,0
waste of money honestly,0
exceeded my expectations based on my experience,1
fantastic build quality for the price point,1
impressive performance and reliable,1
five stars would buy again,1
absolutely love this product as a first time buyer,1
terrible customer service experience,0
impressive performance and reliable based on my experience,1
waste of money honestly based on my experience,0
not as described at all,0
so happy with this,1
one star this is awful for the price point,0
absolutely love this product,1
waste of money honestly,0
highly recommend to everyone for the price point,0
would not recommend to anyone based on my experience,0
great value for the price after a week of use,1
exactly what i needed,1
unreliable and frustrating to use,0
unreliable and frustrating to use compared to competitors,1
great value for the price,1
exceeded my expectations based on my experience,1
worst purchase i made this year for the price point,0
best purchase i made this year,1
impressive performance and reliable for the price point,1
arrived broken and late based on my experience,0
not worth the price based on my experience,0
not as described at all after a week of use,0
works perfectly every time after a week of use,1
absolutely love this product,1
great value for the price compared to competitors,1
not worth the price after a week of use,0
works perfectly every time,1
highly recommend to everyone as a first time buyer,1
works perfectly every time,1
worth every penny after a week of use,0
stopped working after two days,0
waste of money honestly,0
arrived broken and late,0
absolutely love this product for the price point,1
not as described at all,0
arrived broken and late based on my experience,0
regret buying this product based on my experience,0
customer service was wonderful after a week of use,1
best purchase i made this year based on my experience,0
works perfectly every time,1
completely disappointed with this based on my experience,0
works perfectly every time after a week of use,1
worst purchase i made this year based on my experience,0
absolutely love this product,1
impressive performance and reliable after a week of use,0
would not recommend to anyone compared to competitors,0
stopped working after two days as a first time buyer,1
great value for the price,1
works perfectly every time,1
one star this is awful based on my experience,0
exceeded my expectations as a first time buyer,1
five stars would buy again compared to competitors,0
five stars would buy again based on my experience,1
terrible customer service experience as a first time buyer,0
difficult to set up and confusing after a week of use,0
would not recommend to anyone for the price point,1
customer service was wonderful compared to competitors,1
regret buying this product,0
waste of money honestly compared to competitors,0
exceeded my expectations,1
unreliable and frustrating to use as a first time buyer,0
arrived broken and late compared to competitors,1
easy to use and well designed,1
highly recommend to everyone compared to competitors,1
exactly what i needed based on my experience,1
exceeded my expectations compared to competitors,1
stopped working after two days compared to competitors,0
arrived broken and late based on my experience,0
absolutely love this product,0
completely disappointed with this for the price point,0
best purchase i made this year,1
highly recommend to everyone,1
would not recommend to anyone,0
exactly what i needed based on my experience,1
would not recommend to anyone after a week of use,0
fantastic build quality based on my experience,1
great value for the price as a first time buyer,1
so happy with this,1
unreliable and frustrating to use,0
would not recommend to anyone,0
poor build quality overall after a week of use,0
worst purchase i made this year,0
exactly what i needed after a week of use,0
best purchase i made this year for the price point,1
worst purchase i made this year,0
would not recommend to anyone compared to competitors,0
fantastic build quality for the price point,1
easy to use and well designed,1
worst purchase i made this year after a week of use,0
poor build quality overall for the price point,0
not worth the price compared to competitors,0
exactly what i needed based on my experience,1
absolutely love this product,1
waste of money honestly compared to competitors,0
terrible customer service experience compared to competitors,0
unreliable and frustrating to use after a week of use,1
exceeded my expectations,1
waste of money honestly,1
terrible customer service experience after a week of use,0
fantastic build quality compared to competitors,1
stopped working after two days based on my experience,0
five stars would buy again,1
five stars would buy again after a week of use,1
worst purchase i made this year after a week of use,0
waste of money honestly,0
fantastic build quality based on my experience,1
regret buying this product based on my experience,0
arrived broken and late as a first time buyer,0
highly recommend to everyone based on my experience,0
would not recommend to anyone based on my experience,0
terrible customer service experience as a first time buyer,0
customer service was wonderful as a first time buyer,1
not as described at all,0
completely disappointed with this after a week of use,0
cheaply made and flimsy based on my experience,0
cheaply made and flimsy based on my experience,0
poor build quality overall,0
unreliable and frustrating to use for the price point,0
would not recommend to anyone after a week of use,0
exactly what i needed compared to competitors,1
so happy with this,1
not worth the price after a week of use,1
absolutely love this product after a week of use,1
arrived broken and late as a first time buyer,0
unreliable and frustrating to use for the price point,0
worst purchase i made this year after a week of use,0
exceeded my expectations compared to competitors,1
worth every penny,1
poor build quality overall,0
exceeded my expectations after a week of use,1
not worth the price after a week of use,0
poor build quality overall after a week of use,0
stopped working after two days,0
arrived broken and late as a first time buyer,0
exactly what i needed as a first time buyer,1
not worth the price,0
highly recommend to everyone compared to competitors,1
poor build quality overall for the price point,0
absolutely love this product as a first time buyer,1
exactly what i needed as a first time buyer,1
not worth the price compared to competitors,0
not as described at all compared to competitors,0
great value for the price as a first time buyer,1
arrived quickly and well packaged,1
arrived broken and late,0
great value for the price,1
customer service was wonderful,0
great value for the price for the price point,1
fantastic build quality based on my experience,1
completely disappointed with this,0
poor build quality overall compared to competitors,0
highly recommend to everyone,1
so happy with this after a week of use,1
not as described at all after a week of use,0
difficult to set up and confusing based on my experience,0
five stars would buy again,1
arrived quickly and well packaged based on my experience,1
stopped working after two days for the price point,0
cheaply made and flimsy for the price point,1
cheaply made and flimsy for the price point,1
arrived broken and late compared to competitors,0
customer service was wonderful,1
easy to use and well designed compared to competitors,1
easy to use and well designed,1
so happy with this,0
easy to use and well designed,1
not as described at all for the price point,0
fantastic build quality,1
difficult to set up and confusing compared to competitors,0
absolutely love this product compared to competitors,1
not as described at all compared to competitors,0
easy to use and well designed,1
worth every penny compared to competitors,1
five stars would buy again,1
cheaply made and flimsy based on my experience,0
great value for the price based on my experience,1
terrible customer service experience as a first time buyer,0
exactly what i needed,0
five stars would buy again,1
not worth the price based on my experience,0
best purchase i made this year compared to competitors,1
easy to use and well designed as a first time buyer,1
not worth the price,0
difficult to set up and confusing as a first time buyer,0
unreliable and frustrating to use,0
regret buying this product after a week of use,0
so happy with this as a first time buyer,1
cheaply made and flimsy for the price point,0
regret buying this product,0
cheaply made and flimsy based on my experience,0
terrible customer service experience for the price point,0
one star this is awful after a week of use,0
absolutely love this product as a first time buyer,1
works perfectly every time as a first time buyer,1
one star this is awful compared to competitors,0
five stars would buy again after a week of use,1
cheaply made and flimsy after a week of use,0
highly recommend to everyone for the price point,1
exceeded my expectations,1
highly recommend to everyone for the price point,0
unreliable and frustrating to use after a week of use,0
arrived broken and late based on my experience,0
poor build quality overall based on my experience,0
not as described at all after a week of use,0
impressive performance and reliable as a first time buyer,1
arrived quickly and well packaged as a first time buyer,1
fantastic build quality after a week of use,1
would not recommend to anyone,0
completely disappointed with this for the price point,0
impressive performance and reliable for the price point,1
regret buying this product based on my experience,0
absolutely love this product for the price point,0
works perfectly every time compared to competitors,1
absolutely love this product for the price point,1
cheaply made and flimsy,0
unreliable and frustrating to use,0
so happy with this after a week of use,1
works perfectly every time for the price point,1
cheaply made and flimsy as a first time buyer,0
regret buying this product,0
arrived broken and late for the price point,0
cheaply made and flimsy based on my experience,0
one star this is awful compared to competitors,0
works perfectly every time after a week of use,1
five stars would buy again as a first time buyer,1
unreliable and frustrating to use based on my experience,0
completely disappointed with this,0
cheaply made and flimsy based on my experience,0
arrived quickly and well packaged compared to competitors,1
impressive performance and reliable compared to competitors,1
fantastic build quality as a first time buyer,1
poor build quality overall,0
easy to use and well designed based on my experience,1
regret buying this product compared to competitors,0
exceeded my expectations based on my experience,1
impressive performance and reliable for the price point,1
exactly what i needed,1
exceeded my expectations,0
fantastic build quality as a first time buyer,1
difficult to set up and confusing after a week of use,0
exactly what i needed,1
poor build quality overall for the price point,0
would not recommend to anyone after a week of use,0
not worth the price based on my experience,0
easy to use and well designed,1
five stars would buy again as a first time buyer,1
stopped working after two days compared to competitors,0
poor build quality overall,0
waste of money honestly after a week of use,0
arrived broken and late compared to competitors,0
customer service was wonderful after a week of use,1
one star this is awful after a week of use,0
waste of money honestly compared to competitors,0
highly recommend to everyone after a week of use,1
stopped working after two days,0
one star this is awful based on my experience,0
best purchase i made this year after a week of use,1
highly recommend to everyone based on my experience,1
fantastic build quality,1
highly recommend to everyone based on my experience,1
arrived broken and late for the price point,0
unreliable and frustrating to use compared to competitors,0
cheaply made and flimsy,0
absolutely love this product based on my experience,1
worst purchase i made this year,0
arrived quickly and well packaged,1
easy to use and well designed compared to competitors,1
best purchase i made this year for the price point,1
best purchase i made this year,1
worst purchase i made this year for the price point,0
easy to use and well designed,1
worth every penny based on my experience,1
absolutely love this product based on my experience,1
great value for the price,1
absolutely love this product,1
regret buying this product compared to competitors,0
absolutely love this product for the price point,0
impressive performance and reliable after a week of use,1
best purchase i made this year as a first time buyer,1
poor build quality overall for the price point,0
absolutely love this product after a week of use,1
great value for the price based on my experience,1
exceeded my expectations,0
terrible customer service experience after a week of use,0
worth every penny,1
worth every penny for the price point,1
worst purchase i made this year as a first time buyer,0
worst purchase i made this year based on my experience,0
not as described at all after a week of use,0
terrible customer service experience after a week of use,0
best purchase i made this year compared to competitors,1
absolutely love this product as a first time buyer,1
worst purchase i made this year,0
arrived quickly and well packaged for the price point,1
fantastic build quality compared to competitors,1
waste of money honestly based on my experience,0
best purchase i made this year as a first time buyer,1
highly recommend to everyone,1
would not recommend to anyone,0
customer service was wonderful based on my experience,1
cheaply made and flimsy for the price point,0
difficult to set up and confusing for the price point,0
cheaply made and flimsy compared to competitors,0
impressive performance and reliable compared to competitors,1
completely disappointed with this for the price point,0
fantastic build quality for the price point,1
arrived quickly and well packaged after a week of use,1
completely disappointed with this based on my experience,0
arrived quickly and well packaged,1
poor build quality overall for the price point,0
great value for the price based on my experience,1
would not recommend to anyone,0
poor build quality overall after a week of use,0
worst purchase i made this year,0
regret buying this product,0
best purchase i made this year as a first time buyer,1
not as described at all as a first time buyer,0
not as described at all,0
so happy with this,1
poor build quality overall compared to competitors,0
absolutely love this product after a week of use,1
would not recommend to anyone,0
completely disappointed with this compared to competitors,0
not as described at all,0
one star this is awful based on my experience,0
absolutely love this product after a week of use,0
arrived quickly and well packaged after a week of use,1
works perfectly every time based on my experience,1
worth every penny for the price point,1
arrived quickly and well packaged after a week of use,1
customer service was wonderful,1
great value for the price for the price point,1
arrived quickly and well packaged,1
completely disappointed with this for the price point,1
fantastic build quality after a week of use,1
terrible customer service experience based on my experience,0
so happy with this as a first time buyer,1
regret buying this product,0
waste of money honestly as a first time buyer,0
not as described at all after a week of use,0
cheaply made and flimsy,0
worth every penny after a week of use,1
not worth the price after a week of use,0
worth every penny after a week of use,1
worst purchase i made this year for the price point,0
works perfectly every time as a first time buyer,1
completely disappointed with this as a first time buyer,0
so happy with this,1
five stars would buy again based on my experience,1
great value for the price,1
works perfectly every time based on my experience,1
terrible customer service experience based on my experience,0
five stars would buy again compared to competitors,1
exactly what i needed,1
worth every penny after a week of use,1
worst purchase i made this year,0
worst purchase i made this year,0
impressive performance and reliable,1
cheaply made and flimsy as a first time buyer,0
customer service was wonderful after a week of use,1
customer service was wonderful as a first time buyer,0
best purchase i made this year as a first time buyer,1
exceeded my expectations for the price point,1
worst purchase i made this year,1
arrived quickly and well packaged,1
worst purchase i made this year,0
difficult to set up and confusing based on my experience,0
arrived quickly and well packaged as a first time buyer,1
would not recommend to anyone,0
worst purchase i made this year,0
arrived quickly and well packaged compared to competitors,1
exactly what i needed based on my experience,0
works perfectly every time based on my experience,1
not worth the price for the price point,0
exactly what i needed,1
great value for the price,1
would not recommend to anyone as a first time buyer,0
exceeded my expectations based on my experience,1
unreliable and frustrating to use after a week of use,0
arrived broken and late compared to competitors,1
fantastic build quality after a week of use,1
completely disappointed with this based on my experience,0
terrible customer service experience for the price point,0
customer service was wonderful based on my experience,1
completely disappointed with this as a first time buyer,0
difficult to set up and confusing after a week of use,0
impressive performance and reliable for the price point,1
absolutely love this product as a first time buyer,1
not worth the price,0
easy to use and well designed after a week of use,1
great value for the price,0
regret buying this product as a first time buyer,0
so happy with this after a week of use,1
not as described at all,0
worst purchase i made this year after a week of use,0
worth every penny,1
arrived quickly and well packaged,1
would not recommend to anyone compared to competitors,0
worst purchase i made this year for the price point,0
difficult to set up and confusing,0
fantastic build quality after a week of use,1
so happy with this after a week of use,1
customer service was wonderful after a week of use,1
terrible customer service experience for the price point,0
so happy with this,0
one star this is awful compared to competitors,0
works perfectly every time as a first time buyer,1
arrived quickly and well packaged for the price point,1
regret buying this product for the price point,0
terrible customer service experience based on my experience,0
best purchase i made this year for the price point,1
impressive performance and reliable as a first time buyer,1
would not recommend to anyone,0
easy to use and well designed based on my experience,1
fantastic build quality,1
best purchase i made this year,1
best purchase i made this year for the price point,1
not worth the price,1
arrived broken and late compared to competitors,0
terrible customer service experience for the price point,0
exactly what i needed for the price point,1
highly recommend to everyone,1
unreliable and frustrating to use as a first time buyer,0
completely disappointed with this after a week of use,0
highly recommend to everyone compared to competitors,1
highly recommend to everyone compared to competitors,1
regret buying this product,0
arrived quickly and well packaged after a week of use,1
works perfectly every time as a first time buyer,1
difficult to set up and confusing based on my experience,0
so happy with this for the price point,1
so happy with this as a first time buyer,1
fantastic build quality compared to competitors,1
impressive performance and reliable for the price point,1
not worth the price,0
difficult to set up and confusing for the price point,0
worth every penny after a week of use,1
difficult to set up and confusing for the price point,0
poor build quality overall after a week of use,0
worst purchase i made this year for the price point,0
highly recommend to everyone as a first time buyer,1
five stars would buy again after a week of use,1
terrible customer service experience,0
absolutely love this product compared to competitors,1
great value for the price as a first time buyer,1
so happy with this after a week of use,1
absolutely love this product,1
impressive performance and reliable for the price point,1
five stars would buy again based on my experience,1
not worth the price,0
best purchase i made this year after a week of use,1
not worth the price for the price point,0
worth every penny as a first time buyer,1
completely disappointed with this after a week of use,0
unreliable and frustrating to use for the price point,0
cheaply made and flimsy compared to competitors,0
arrived quickly and well packaged after a week of use,1
poor build quality overall,0
easy to use and well designed,0
worst purchase i made this year after a week of use,0
so happy with this,1
poor build quality overall for the price point,0
terrible customer service experience,0
exceeded my expectations as a first time buyer,1
not as described at all,0
not worth the price for the price point,0
stopped working after two days for the price point,0
terrible customer service experience,0
would not recommend to anyone compared to competitors,0
so happy with this compared to competitors,1
highly recommend to everyone as a first time buyer,1
exactly what i needed,1
not worth the price as a first time buyer,0
regret buying this product as a first time buyer,0
stopped working after two days based on my experience,0
easy to use and well designed after a week of use,1
customer service was wonderful for the price point,1
great value for the price for the price point,1
customer service was wonderful based on my experience,1
not as described at all based on my experience,0
worth every penny,1
works perfectly every time,1
works perfectly every time based on my experience,1
exactly what i needed compared to competitors,1
regret buying this product after a week of use,0
best purchase i made this year,1
would not recommend to anyone,0
difficult to set up and confusing compared to competitors,0
fantastic build quality for the price point,1
exactly what i needed for the price point,1
impressive performance and reliable compared to competitors,1
worth every penny for the price point,1
absolutely love this product after a week of use,0
exactly what i needed,1
five stars would buy again compared to competitors,1
regret buying this product as a first time buyer,0
best purchase i made this year compared to competitors,1
stopped working after two days,0
highly recommend to everyone based on my experience,1
exceeded my expectations,1
best purchase i made this year as a first time buyer,1
worst purchase i made this year for the price point,0
worth every penny,1
worst purchase i made this year,0
so happy with this,1
not worth the price,0
one star this is awful,0
highly recommend to everyone after a week of use,1
completely disappointed with this after a week of use,0
one star this is awful as a first time buyer,0
poor build quality overall compared to competitors,0
difficult to set up and confusing as a first time buyer,0
five stars would buy again compared to competitors,1
impressive performance and reliable compared to competitors,1
customer service was wonderful for the price point,1
poor build quality overall for the price point,0
poor build quality overall after a week of use,0
customer service was wonderful based on my experience,1
customer service was wonderful after a week of use,1
worth every penny based on my experience,1
so happy with this as a first time buyer,1
one star this is awful compared to competitors,0
stopped working after two days compared to competitors,0
not as described at all as a first time buyer,0
fantastic build quality,1
absolutely love this product for the price point,1
exactly what i needed,0
exactly what i needed based on my experience,1
easy to use and well designed for the price point,1
exceeded my expectations after a week of use,1
would not recommend to anyone compared to competitors,0
easy to use and well designed,1
would not recommend to anyone,0
so happy with this for the price point,1
one star this is awful for the price point,0
terrible customer service experience compared to competitors,1
worth every penny,1
arrived quickly and well packaged,1
regret buying this product compared to competitors,0
terrible customer service experience based on my experience,0
waste of money honestly compared to competitors,0
exceeded my expectations based on my experience,1
five stars would buy again for the price point,1
great value for the price for the price point,1
so happy with this as a first time buyer,1
